​,Product Image,Selling Price,Makara មករា,Makara Stock,Siloeng សុីលាង,Siloeng Stock,SY 168,SY168 Stock,Jee Ya,Jee Ya Stock,Leng Heng,Leng Heng Stock,Srey Len,Srey Len Stock,Oun Ka,Oun Ka Stock,Korea SCT,Korea SCT Stock,Chanty AI,Chanty Stock,Sun Kunthea TGN,Sun Kunthea Stock,Moy Pa,Moy Pa Stock
ស្បាខ្មោចឆៅ EL,,$3.70,,,,,,,,,$3.50,12,$3.70,,$3.60,20 pcs,,,,,,,,
Lotion EL,,$5.20,,,,,,,,,,,,,$5.00,10 pcs,,,,,,,,
ម៉ាស Detox Bio,,$3.10,,,$3.00,12 pcs,,,,,$3.00,26 pcs,,,,,$2.90,,,,,,,
តែ Mr Slim,,,,,$1.20,,,,$1.10,300 pcs,,,,,,,,,,,,,,
យប់តៃវ៉ាន់ Taiwan,,,,,,,,,,,,,$1.63,,$18.50,2 lo,,,,,,,,
កក់សក់ស្រីអូន,,,,,,,,,,,,,$10.70,,$10.90,,,,,,,,,
ខូឡាជែន Yasaka,,$14.80,$14.80,,,,,,$14.60,20 pcs,,,,,,,,,,,,,,
ឡេ Kiss តូច,,$4.80,,,$4.70,10 pcs,,,,,,,,,,,,,,,,,,
ឡេ Kiss ធំ,,$9.40,,,$9.30,10 pcs,,,,,,,,,,,,,,,,,,
Aita Lotion,,,,,$5.10,10pcs,,,,,,,,,,,,,,,,,,
ឡេ​ Vasaline កូរ៉េ,,,,,$5.90,6pcs,,,,,,,,,,,,,,,,,,
ក្លៀកថេយ៉ាំង taehygung jiah armpit cream,,,,,$3.50,24pcs,,,$3.41,24 pcs,,,,,,,,,,,,,,
Mask taehygung jiah,,$4.80,,,,,,,$4.60,52 pcs,,,,,,,,,,,,,,
សាប៊ូ M8k Makara Mom,,$5.75,,,,,,,$5.65,60,,,,,,,,,,,,,,
សំឡីជូត Mamiza,,$5.20,,,$5.10,12pcs,,,,,,,$5.00,,,,,,,,,,,
ទឺកអប់ 24K Pure,,,,,,,,,,,,,$3.63,12pcs,,,,,,,,,,
Ellipse កំប៉ុង,,,,,,,,,,,,,$5.92,12pcs,,,,,,,,,,
ម៉ាស Lucaci Pink,,,,,$3.80,,,,,,,,$4.20,30pcs,$4.30,,,,,,,,,
ម៉ាស Lucaci Green,,$4.15,,,$4.10,,,,$4.05,60 pcs,,,,,,,,,,,,,,
យប់ Miss ខ្លង់មាស,,$3.90,,,,,$3.70,7 lo,$3.60,19 pcs,,,,,$4.10,5 lo,,,,,,,,
Miss Night Cream Big,,$4.90,,,,,,,$4.70,20 pcs,,,,,,,,,,,,,,
កក់សក់ Keric,,,,,,,,,$6.70,12 pcs,,,,,,,,,,,,,,
ម៉ាស SCG24,,$3.75,,,,,,,$3.65,60 pcs,,,,,,,,,,,,,,
សាប៊ូ HK7,,$4.00,,,,,$3.70,,$3.90,60 pcs,,,,,,,,,,,,,,
ថ្នាំដុសធ្មេញ ACE,,$1.30,,,$1.25,,,,,,,,,,,,,,1 kes 170$,12lo,,,,
យប់កនិ្នរ៏យ,,$18.50,,,,,,,,,,,,,1 lo 18$,5 lo,,,,,,,,
យប់ធារ៉ា,,,,,,,,,,,,,,,,,,,,,,,,
Night Cream Happy Family 5G គ្រួសារធម្មជាតិ,,$16.50,,,,,,,,,,,,,$16.00,10 lo,,,,,,,,
Night Cream Happy Family 10G គ្រួសារធម្មជាតិ,,$10.80,,,,,,,,,,,,,$10.30,10 lo,,,,,,,,
ឡេ POP,,,$9.50,,,,$9.20,8pcs,,,,,,,$9.40,10pcs,,,,,,,,
Scrub POP,,$4.60,,,,,$4.40,12 pcs,,,,,,,,,,,,,,,,
ក្លៀក Bela តូច armpit cream,,$26.00,,,,,$24.50,2lo,$25.20,20 lo,,,,,,,,,,,,,,
Night Cream Bella,,,,,,,,,,,,,,,$4.40,12 pcs,,,,,,,,
ក្លៀក RDR,,$26.00,,,,,$25.80,10 lo,$25.40,20lo,,,,,,,,,,,,,,
ក្លៀក MIss ធំ,,$9.60,,,,,$9.50,20pcs,,,,,,,,,,,,,,,,
ក្លៀក Bela កណ្តាល armpit cream,,$3.90,,,,,$3.75,36pcs,,,,,,,,,,,,,,,,
យប់ Bela,,$3.90,,,,,,,,,,,,,$4.40,12 pcs,,,,,,,,
UV Bela,,$7.90,,,,,,,$7.70,12 pcs,,,,,,,,,,,,,,
BB Bela,,$5.60,,,,,,,$5.40,12 pcs,,,,,,,,,,,,,,
ឡេ TRE UV,,$3.70,,,,,$3.60,12 pcs,,,,,,,,,,,,,,,,
ឡេ TRE ,,$3.60,,,,,$3.40,24 pcs,,,,,,,,,,,,,,,,
BB Luxury,,$4.30,,,,,$4.10,170pcs,,,,,,,,,,,,,,,,
UV Luxury,,$4.90,,,,,$4.75,50 pcs,,,,,,,,,,,,,,,,
Gel Teng Dana,,,,,$6.60,,$6.60,,$6.40,30pcs,,,,,,,,,,,,,,
UV HK7,,$5.50,,,,,$5.30,24pcs,,,,,,,,,,,,,,,,
Serum HK7,,,,,$5.80,10 pcs,,,,,,,,,,,,,,,,,,
UV Sillee,,,,,,,$4.00,7pcs,,,,,,,,,,,,,,,,
Sillee Night Cream Small,,$19.00,$18.50,5 lo,,,,,,,,,,,,,,,,,,,,
Sillee Night Cream Big,,$3.70,,,,,,,$3.55,50 pcs,,,,,,,,,,,,,,
Foam Sillee,,$2.90,,,,,,,$2.75,50 pcs,,,,,,,,,,,,,,
Toner Pad Sillee,,$4.90,,,$4.80,10,,,,,,,,,,,,,,,,,,
UV MN,,$7.80,,,,,$7.60,50pcs,,,,,,,,,,,,,,,,
BB MN,,$7.70,,,,,,,$7.50,50pcs,,,,,,,,,,,,,,
Night RDR,,$3.80,,,,,,,$3.60,50pcs,,,,,,,,,,,,,,
ក្លៀក MOJO,,$3.60,,,,,$3.50,48pcs,$3.40,12pcs,,,,,,,,,,,,,,
ក្រេម JL,,$4.20,,,,,$4.05,60pcs,,,,,,,,,,,,,,,,
ក្លៀក miss តូច,,$3.80,,,$3.70,40pcs,$3.70,40pcs,$3.50,120 pcs,,,,,$3.80,40pcs,,,,,,,,
UV SOY ,,,,,,,$6.80,6pcs,,,,,,,,,,,,,,,,
Serum Nano,,,,,,,1k 168$,1k,,,,,,,,,,,,,,,,
កាហ្វេចិន lishou,,,,,,,$3.50,50pcs,,,,,,,,,,,,,,,,
BB miss,,$6.10,,,$6.00,10,$5.40,10pcs,,,,,,,,,,,,,,,,
Sun miss,,$8.30,,,$8.20,50,,,,,,,,,,,,,,,,,,
ទឺកអប់់ lablanc,,,,,,,$10.40,6pcs,,,,,,,,,,,,,,,,
Night MN,,$3.80,,,,,$3.70,120pcs,,,,,,,$3.80,300 pcs,,,,,,,,
ឡេ Moon,,$5.00,,,,,$4.90,50pcs,,,,,,,,,,,,,,,,
Cream Moon,,$4.00,,,,,$3.90,30pcs,,,,,,,,,,,,,,,,
Foam Miss,,$6.50,,,$6.30,30 pcs,,,,,,,,,,,,,,,,,,
Miss Lotion,,$16.00,,,$16.20,50 pcs,,,$15.90,60 pcs,,,,,,,,,,,,,,
ប្រេង Miss,,$8.60,,,,,$8.50,12pcs,,,,,,,,,,,,,,,,
Miss Body UV New,,$22.30,,,,,,,$22.20,6 pcs,,,,,,,,,,,,,,
Miss Pha Pha,,,,,$4.90,60 pcs,,,,,,,,,,,,,,,,,,
Bopha Scrub,,$3.10,,,,,$3.10,12pcs,$2.90,240 pcs,,,,,$3.20,12 pcs,,,,,,,,
Coffee Hang,,$6.70,,,,,,,$6.50,24 pcs,,,,,,,,,,,,,,
កៅអៀក KQ,,,,,,,$8.30,12pcs,,,,,,,,,,,,,,,,
ឡេ Pink Gold,,,,,,,$15.40,6pcs,,,,,,,,,,,,,,,,
QNIC,,fwow,,,,,1 lo 22.5$,36pcs,,,,,,,,,,,,,,,,
88,,,,,,,1 lo 21$,24pcs,,,,,,,,,,,,,,,,
Spa Pichy,,$2.70,,,,,$2.60,12pcs,,,,,,,,,,,,,,,,
ឡេ Pichy,,$17.30,,,,,$17.10,10pcs,,,,,,,,,,,,,,,,
មេស្លេក Pichy,,$14.00,,,$13.90,10,,,,,,,,,,,,,,,,,,
Seaweed Mask GlowSkin,,,,,,,$3.30,12pcs,,,,,,,,,,,,,,,,
Tumeric Mask GlowSkin,,,,,,,$3.30,36 pcs,,,,,,,,,,,,,,,,
ក្លៀក SN,,$2.30,,,,,$2.10,24pcs,,,,,,,,,,,,,,,,
Skini Plus + កំប៉ុង,,,,,,,$8.40,10pcs,,,,,,,,,,,,,,,,
Skini ទីប,,,,,,,$11.50,18pcs,,,,,,,,,,,,,,,,
Cushion Felix,,,,,,,$9.40,24pcs,,,,,,,,,,,,,,,,
Felix Lotion,,,,,,,,,$20.20,12 pcs,,,,,,,,,,,,,,
UV Felix,,,,,,,$7.40,6 pcs,,,,,,,,,,,,,,,,
BB Felix,,,,,,,$7.00,f,,,,,,,,,,,,,,,,
Felix Hair Shampoo,,,,,$5.80,,,,,,,,,,,,,,,,,,,
Foam TRE,,,,,,,$1.80,24pcs,,,,,,,,,,,,,,,,
NC Scrub,,,,,,,$5.60,12pcs,,,,,,,,,,,,,,,,
Lemon Scrub Big,,,,,,,$4.50,12pcs,,,,,,,,,,,,,,,,
បកមុន TRE,,,,,,,$2.50,12pcs,,,,,,,,,,,,,,,,
RZA Cream,,,,,,,$7.40,12pcs,,,,,,,,,,,,,,,,
Cushion Naceca Matte,,,,,,,$10.30,12pcs,,,,,,,,,,,,,,,,
Serum TRE,,,,,,,$3.40,6pcs,,,,,,,,,,,,,,,,
Serum Ginseng Ravy Salyka,,,,,,,$7.40,12pcs,,,,,,,,,,,,,,,,
Soap Ravy Salyka Big,,,,,,,$4.00,12 pcs,,,,,,,,,,,,,,,,
Naceca Lipstick,,,,,,,$6.60,12pcs,,,,,,,,,,,,,,,,
Scrub SOY,,$4.70,,,,,$4.60,12pcs,,,,,,,,,,,,,,,,
កក់ 2in1,,,,,,,$5.00,6pcs,,,,,,,,,,,,,,,,
BB 2in1,,,,,$4.30,150 pcs,,,,,,,,,,,,,,,,,,
Sun 2in1,,,,,$4.40,50 pcs,$4.40,50 pcs,,,,,,,,,,,,,,,,
Mask 2in1,,,,,,,,,,,,,,,,,,,,,,,,
Toner Pad 2in1,,,,,,,$4.60,12 pcs,,,,,,,,,,,,,,,,
Foam P24,,$3.30,,,,,$3.20,24pcs,,,,,,,,,,,,,,,,
Serum P24,,$6.20,,,,,$6.10,20pcs,,,,,,,,,,,,,,,,
សម្រក Shuji Fit Slim,,$13.10,,,,,$13.05,20pcs,$12.90,50 pcs,,,,,,,,,,,,,,
BB Pichy ,,,,,,,$4.60,10pcs,,,,,,,,,,,,,,,,
UV Pichy,,,,,,,$5.60,24 pcs,,,,,,,,,,,,,,,,
Veldent ToothPaste,,,,,,,$4.40,12pcs,,,,,,,,,,,,,,,,
Serum SOY,,$7.20,,,,,$7.00,12pcs,,,,,,,,,,,,,,,,
SOY Lotion,,$10.60,,,$10.50,50 pcs,,,,,,,,,,,,,,,,,,
SOY Premium Lotion,,$11.00,,,$10.90,50 pcs,,,,,,,,,$10.30,20 pcs,,,,,,,,
Spa SOY,,,,,,,$2.70,9 pcs,,,,,,,,,,,,,,,,
Premium Y Lotion,,,,,,,,,,,,,,,,,,,,,,,,
Mask Essura Snow,,,,,,,$5.40,10pcs,,,,,,,,,,,,,,,,
Foam HATOMUGI,,$1.75,,,1k 80$,1k លាយ​ (48pcs),,,,,,,,,,,,,,,,,,
ឡេ MarDarling ,,,$12.50,12pcs,,,,,,,,,,,,,,,,,,,,
UV Black Sheep,,,$13.00,6 pcs,,,,,$12.60,12 pcs,,,,,,,,,,,,,,
Black Sheep Lotion,,$21.00,,,,,,,$20.80,100 pcs,,,,,,,,,,,,,,
Black Sheep Scrub,,$3.50,,,,,$3.40,16pcs,,,,,,,,,,,,,,,,
Essense Black Sheep,,$6.90,,,,,,,$6.80,24 pcs,,,,,,,,,,,,,,
Body Oil Black Sheep,,$11.70,,,,,,,$11.60,24 pcs,,,,,,,,,,,,,,
ចាហួយ ZOSO,,,,,,,,,$2.50,60pcs,,,,,,,,,,,,,,
ឡេ ZOSO,,,,,,,,,$7.90,15pcs,,,,,,,,,,,,,,
Candy ZOSO,,,,,,,,,$4.70,20 pcs,,,,,,,,,,,,,,
កក់សក់ Mai Ma Rose ,,,,,,,,,$4.30,64pcs,,,,,,,,,,,,,,
Mask Mai Ma Rose,,,,,,,$3.90,12 pcs,,,,,,,,,,,,,,,,
BB Mai Ma Rose,,,,,$4.70,50,,,,,,,,,,,,,,,,,,
U Well Shampoo Hair,,$5.40,,,,,,,$5.30,12 pcs,,,,,,,,,,,,,,
ក្លៀក NNP,,,,,,,,,1lo 28$,,,,,,,,,,,,,,,
Aster Moon Cream,,,,,,,$4.15,60 pcs,$4.00,120 pcs,,,,,$52.80,10lo,,,,,,,,
Foam Mamiza,,$3.00,,,$2.90,100 pcs,,,$2.80,100 pcs,,,,,,,,,,,,,,
Serum MN,,,,,$3.40,50 pcs,,,$3.30,288 pcs,,,,,,,,,,,,,,
ក្លៀក Felix Armpit Cream,,$3.45,,,,,,,,,,,,,$3.35,120 pcs,,,,,,,,
Yasaka Lotion,,$14.80,,,$14.60,80 pcs,,,$14.60,80 pcs,,,,,$14.80,50 pcs,,,,,,,,
Scrub Yasaka,,,,,$7.80,10 pcs,,,,,,,,,,,,,,,,,,
Yasaka Body Oil,,$7.90,,,,,,,,,,,,,$7.80,50 pcs,,,,,,,,
Yasaka Fit Slim សម្រក,,$12.00,,,,,,,$11.80,30 pcs,,,,,,,,,,,,,,
Serum ឡេខៀវ Justeen Miracle,,$2.40,,,,,,,,,,,,,$2.30,50 pcs,,,,,,,,
ឡេខៀវ Justeen Miracle Body Lotion,,$6.10,,,,,,,$6.00,60,,,,,,,,,,,,,,
គ្រីម ខៀវ,,,,,,,,,,,,,,,$4.80,12 pcs,,,,,,,,
VItamin POP,,,,,,,,,,,,,,,$3.50,36pcs,,,,,,,,
NIght Cream P24,,$3.80,,,$3.70,50 pcs,,,,,,,,,,,,,,,,,,
Mask MIss Green,,,,,$6.20,10 pcs,,,,,,,,,,,,,,,,,,
Mask RDR,,$5.10,,,$4.90,40 pcs,,,,,,,,,,,,,,,,,,
RDR Toner Pad,,$4.60,,,$4.40,12 pcs,,,,,,,,,,,,,,,,,,
Foam RDR Small,,$2.80,,,,,,,,,,,,,$2.70,100 pcs,,,,,,,,
UV RDR,,$4.40,,,$4.30,25 pcs,$4.20,24 pcs,,,,,,,,,,,,,,,,
BB RDR,,$4.40,,,$4.30,25 pcs,,,,,,,,,,,,,,,,,,
Serum RDR,,$3.90,,,$3.70,30 pcs,,,,,,,,,,,,,,,,,,
RDR Body Lotion,,$5.80,,,,,,,$5.70,24 pcs,,,,,,,,,,,,,,
RDR Hair Shampoo && Conditioner,,$4.30,,,$4.10,10 pcs,,,,,,,,,,,,,,,,,,
BB Mamiza ,,$4.40,,,$4.25,50 pcs,,,$4.30,50 pcs,,,,,,,,,,,,,,
UV Mamiza,,$4.90,,,,,,,$4.70,50 pcs,,,,,,,,,,,,,,
Mamiza Night Cream Small,,$19.00,,,$18.30,10 lo,,,,,,,,,,,,,,,,,,
Mamiza Night Cream Big,,$4.20,,,,,,,$3.95,200 pcs,,,,,,,,,,,,,,
Mamiza Armpit Cream,,$1.60,,,,,,,$17.70,2 lo,,,,,,,,,,,,,,
Serum Mamiza,,$6.80,,,,,,,$6.60,36 pcs,,,,,,,,,,,,,,
Mamiza Shampoo,,$4.10,,,,,,,$3.90,36 pcs,,,,,,,,,,,,,,
Bijou armpit cream,,,,,,,,,,,,,,,$36.50,10 lo,,,,,,,,
UV P24,,$4.40,,,$4.25,25 pcs,,,,,,,,,,,,,,,,,,
BB P24,,$4.40,,,$4.25,25 pcs,$4.15,50 pcs,,,,,,,,,,,,,,,,
P24 Toner Pad,,$4.90,,,$4.80,12 pcs,,,,,,,,,,,,,,,,,,
TGN Night Cream,,,,,,,,,,,,,,,,,,,,,$62.50,3lo,,
TGN Day Cream,,,,,,,,,,,,,,,,,,,,,$62.50,2lo,,
Foam Nella,,,,,,,,,,,,,,,,,,,,,,,$11.13,8 lo
UV Ginseng Ravy Salyka,,,,,,,,,$7.25,80 pcs,,,,,,,,,,,,,,
ឡេខៀវ​ Justeen Miracle Lotion,,$6.10,,,,,,,$6.00,60 pcs,,,,,,,,,,,,,,
BE Fit Slim,,,,,,,,,,,,,,,,,,,,,,,,
Ma Tey Collagen ,,,,,,,,,$8.90,24 pcs,,,,,,,,,,,,,,
NNP Body Oil,,$3.60,,,,,,,,,,,,,$3.40,50 pcs,,,,,,,,
NNP Lotion JOJOBA Big,,$6.90,,,$6.80,20,$6.60,12 pcs,,,,,,,,,,,,,,,,
NNP Foam,,$1.10,,,,,$12.00,2 lo,,,,,,,,,,,,,,,,
NNP សាប៊ូដុំ,,$1.80,,,,,,,,,,,,,$1.66,24 pcs,,,,,,,,
NNP​ ដុសខ្លួន,,$3.50,,,,,,,$3.40,20 pcs,,,,,,,,,,,,,,
NNP Scrub,,,,,,,$31.00,2 lo,,,,,,,,,,,,,,,,
NNP Serum 24K,,$3.00,,,$2.90,20 pcs,,,,,,,,,,,,,,,,,,
NNP Serum JoJoBa,,$3.70,,,$3.55,49 pcs,,,,,,,,,,,,,,,,,,
NNP Tooth Paste,,$1.10,,,,,,,$12.50,5lo,,,,,,,,,,,,,,
Scrub Absara អប្សរា,,,,,,,$6.90,12 pcs,,,,,,,,,,,,,,,,
Mask Her Seaweed && Rice,,,,,$1.80,180 pcs,,,,,,,,,,,,,,,,,,
Liza Glow Booster Serum,,,,,$17.50,5 box,,,,,,,,,,,,,,,,,,
Ma Tey Lotion Big Size,,,,,,,,,$16.40,20,,,,,,,,,,,,,,
Ma Tey Lotion Small Size,,,,,$8.00,20 pcs,,,,,,,,,,,,,,,,,,
Ma Tey Scrub,,,,,$4.20,20 pcs,,,,,,,,,,,,,,,,,,
NRT ,,,,,,,,,$5.30,50 pcs,,,,,,,,,,,,,,
WOW Lotion,,$8.50,,,,,$8.30,24 pcs,$8.30,12 pcs,,,,,,,,,,,,,,
Fairy Glow Lotion,,,,,,,,,$17.10,12 pcs,,,,,,,,,,,,,,
MMO Night Cream,,,,,,,,,$5.30,24 pcs,,,,,,,,,,,,,,
MMO Tooth Paste,,$4.50,,,,,,,$4.30,216 pcs,,,,,,,,,,,,,,
11Skin Night Cream,,,,,,,$5.60,6 pcs,,,,,,,,,,,,,,,,
11Skin Foam,,,,,,,$4.60,12 pcs,,,,,,,,,,,,,,,,
11Skin UV ,,,,,,,$4.60,6 pcs,,,,,,,,,,,,,,,,
Hang BB,,,,,,,$3.70,6 pcs,,,,,,,,,,,,,,,,
Hang UV,,,,,,,$6.30,6 pcs,,,,,,,,,,,,,,,,
OG Acne,,,,,,,$6.70,20 pcs,,,,,,,,,,,,,,,,
OG Dark Spot,,,,,,,10..6,6 pcs,,,,,,,,,,,,,,,,
GFX Body Oil,,,,,,,$6.20,24 pcs,,,,,,,,,,,,,,,,
Kono Armpit Cream,,$3.70,,,,,,,$3.60,36 pcs,,,,,,,,,,,,,,
Lotion H Big,,$7.40,,,,,,,$7.30,50 pcs,,,,,,,,,,,,,,
Lotion H Small,,$4.10,,,,,,,$4.00,9 pcs,,,,,,,,,,,,,,
Serum H,,$3.70,,,$3.60,50 pcs,,,,,,,,,,,,,,,,,,
Sokanya Shampoo សូកាន់យ៉ា,,,,,,,,,$3.90,50 pcs,,,,,,,,,,,,,,
Febell Shampoo && Conditioner,,,,,,,,,$5.30,12 pcs,,,,,,,,,,,,,,
Toner Lucaci Small,,,,,$3.90,6 pcs,,,,,,,,,,,,,,,,,,
C NA Night Cream,,,,,$3.30,24 pcs,$3.33,24 pcs,,,,,,,,,,,,,,,,
ជែលដុះក្អែល,,,,,$0.58,12 pcs,,,,,,,,,,,,,,,,,,
Skin1004 White Serum,,,,,,,,,,,$9.00,3 pcs,,,,,$8.50,5 pcs,,,,,,
Dung Sung Cream,,,,,,,,,,,,,,,,,$12.50,5 pcs,,,,,,
Lotion SStand,,,,,,,$4.10,6 pcs,$4.00,12 pcs,,,,,,,,,,,,,,
Serum SStand ,,,,,,,$3.40,6 pcs,$3.30,12 pcs,,,,,,,,,,,,,,
Night Cream ស្រីអារ៉ាប់,,,,,,,,,,,,,,,$7.50,24 pcs,,,,,,,,
Karsell Hair Shampoo,,,,,,,,,$4.95,40 pcs,,,,,,,,,,,,,,
Karsell Spa,,,,,,,,,$4.95,24 pcs,,,,,,,,,,,,,,
Bong Art Skin,,,,,,,$16.00,10 lo,,,,,,,,,,,,,,,,
VVS Lotion,,,,,,,,,,,,,,,$3.50,10 pcs,,,,,,,,
Lomorng Scrub លម្អង,,,,,,,,,,,,,,,$3.40,10 pcs,,,,,,,,
Tika Shampoo Kid,,,,,,,$5.70,7 pcs,,,,,,,,,,,,,,,,
UV Thae Tena,,,,,,,$6.20,12 pcs,,,,,,,,,,,,,,,,
Logan Body Shampoo,,,,,,,,,$3.80,133,,,,,,,,,,,,,,